,output,target,rel_error
1,76.01158,10.0,-6.601158
0,95.84973,36.0,-1.6624925
