,output,target,rel_error
0,236.19717,203.0,-0.16353288
