,output,target,rel_error
0,236.89421,203.0,-0.16696656
