,output,target,rel_error
0,306.42444,303.0,-0.011301777
2,721.2412,761.0,0.052245453
1,1294.8688,1387.0,0.06642482
